create database Zomato_Project;

use Zomato_Project;

drop table if exists Gold_users;

CREATE TABLE Gold_users(userid integer PRIMARY KEY AUTO_INCREMENT,
						gold_signup_date date); 

ALTER TABLE Gold_users
ADD CONSTRAINT fk_gold_user_id
FOREIGN KEY (userid) REFERENCES users(userid);

ALTER TABLE Gold_users
DROP PRIMARY KEY;

INSERT INTO Gold_users(userid, gold_signup_date) 
VALUES 
(1, '2017-09-22'),
(2, '2018-05-15'),
(3, '2017-04-21'),
(4, '2019-12-07'),
(5, '2020-03-02'),
(6, '2018-06-10'),
(7, '2019-09-18'),
(8, '2020-01-25'),
(9, '2021-04-14'),
(10, '2022-07-08'),
(11, '2018-10-05'),
(12, '2020-02-21'),
(13, '2021-05-11'),
(14, '2022-08-29'),
(15, '2017-11-16'),
(16, '2019-03-07'),
(17, '2020-06-02'),
(18, '2021-09-30'),
(19, '2018-12-26'),
(20, '2020-04-14'),
(21, '2021-07-01'),
(22, '2017-10-18'),
(23, '2019-01-04'),
(24, '2020-04-22'),
(25, '2021-08-09'),
(26, '2018-11-26'),
(27, '2020-03-15'),
(28, '2021-06-03'),
(29, '2017-09-20'),
(30, '2019-01-06'),
(31, '2020-04-25'),
(32, '2021-08-12'),
(33, '2018-11-28'),
(34, '2020-02-15'),
(35, '2021-05-05'),
(36, '2022-08-23'),
(37, '2017-12-09'),
(38, '2019-03-27'),
(39, '2020-07-14'),
(40, '2021-10-01'),
(41, '2019-01-17'),
(42, '2020-05-06'),
(43, '2021-08-23'),
(44, '2018-12-09'),
(45, '2020-03-29'),
(46, '2021-07-16'),
(47, '2017-10-02'),
(48, '2019-01-19'),
(49, '2020-04-07'),
(50, '2021-07-24');



drop table if exists users;
CREATE TABLE users(userid integer ,signup_date date); 

ALTER TABLE users
ADD PRIMARY KEY (userid);

INSERT INTO users(userid, signup_date) 
VALUES
(1, '2017-09-22'),
(2, '2018-05-15'),
(3, '2017-04-21'),
(4, '2016-07-22'),
(5, '2017-02-18'),
(6, '2018-09-14'),
(7, '2019-04-30'),
(8, '2020-11-26'),
(9, '2021-06-03'),
(10, '2016-01-09'),
(11, '2017-08-04'),
(12, '2018-03-21'),
(13, '2019-10-15'),
(14, '2020-05-01'),
(15, '2021-12-28'),
(16, '2016-05-14'),
(17, '2017-10-09'),
(18, '2018-04-26'),
(19, '2019-11-20'),
(20, '2020-06-06'),
(21, '2021-01-31'),
(22, '2016-09-16'),
(23, '2017-04-12'),
(24, '2018-11-07'),
(25, '2019-06-24'),
(26, '2020-02-09'),
(27, '2021-09-04'),
(28, '2016-02-19'),
(29, '2017-09-15'),
(30, '2018-04-02'),
(31, '2019-10-26'),
(32, '2020-05-12'),
(33, '2021-12-07'),
(34, '2016-06-22'),
(35, '2017-11-17'),
(36, '2018-06-03'),
(37, '2019-01-28'),
(38, '2020-08-23'),
(39, '2021-03-10'),
(40, '2016-08-25'),
(41, '2017-03-21'),
(42, '2018-10-15'),
(43, '2019-05-01'),
(44, '2020-11-26'),
(45, '2021-06-12'),
(46, '2016-01-17'),
(47, '2017-08-11'),
(48, '2018-03-28'),
(49, '2019-10-22'),
(50, '2020-05-07'),
(51, '2021-12-02'),
(52, '2016-05-20'),
(53, '2017-10-14'),
(54, '2018-04-01'),
(55, '2019-10-26'),
(56, '2020-05-11'),
(57, '2021-11-05'),
(58, '2016-06-12'),
(59, '2017-11-07'),
(60, '2018-05-24'),
(61, '2019-12-18'),
(62, '2020-07-04'),
(63, '2021-01-29'),
(64, '2016-09-02'),
(65, '2017-02-28'),
(66, '2018-09-23'),
(67, '2019-04-09'),
(68, '2020-10-04'),
(69, '2021-04-21'),
(70, '2016-01-25'),
(71, '2017-08-19'),
(72, '2018-03-07'),
(73, '2019-09-30'),
(74, '2020-04-15'),
(75, '2021-11-10'),
(76, '2016-05-26'),
(77, '2017-10-21'),
(78, '2018-04-08'),
(79, '2019-10-02'),
(80, '2020-05-18'),
(81, '2021-12-13'),
(82, '2016-07-30'),
(83, '2017-12-25'),
(84, '2018-06-11'),
(85, '2019-01-05'),
(86, '2020-07-31'),
(87, '2021-02-15'),
(88, '2016-09-13'),
(89, '2017-02-09'),
(90, '2018-09-03'),
(91, '2019-03-20'),
(92, '2020-10-14'),
(93, '2021-04-08'),
(94, '2016-01-31'),
(95, '2017-08-26'),
(96, '2018-02-12'),
(97, '2019-09-06'),
(98, '2020-03-23'),
(99, '2021-10-17'),
(100, '2016-05-06');


CREATE TABLE sales(userid integer,
name VARCHAR(255), age INTEGER, created_date DATE, product_id INTEGER,
FOREIGN KEY (userid) REFERENCES users (userid)) ;

ALTER TABLE sales
ADD CONSTRAINT fk_product_id
FOREIGN KEY (product_id) REFERENCES product(product_id);


INSERT INTO sales(userid, name, age, created_date, product_id)
VALUES
(1, 'John Doe', 30, '2022-01-15', 4),
(5, 'Jane Smith', 25, '2022-02-20', 2),
(17, 'Bob Johnson', 40, '2022-03-25', 7),
(22, 'Eva White', 28, '2020-04-30', 3),
(35, 'Mike Davis', 35, '2019-05-15', 5),
(42, 'Emily Wilson', 32, '2021-06-20', 1),
(50, 'Daniel Brown', 45, '2022-07-25', 8),
(63, 'Sophia Garcia', 29, '2020-08-30', 6),
(70, 'Alex Miller', 38, '2022-09-04', 3),
(75, 'Olivia Johnson', 27, '2020-10-09', 5),
(85, 'Alice Brown', 28, '2022-11-10', 1),
(92, 'Charlie Green', 35, '2022-12-15', 4),
(100, 'David White', 42, '2020-05-05', 2),
(14, 'Zainab Ali', 28, '2020-01-15', 7),
(32, 'Mohammed Khan', 35, '2022-02-20', 1),
(48, 'Aisha Ahmed', 30, '2021-03-25', 6),
(64, 'Omar Patel', 32, '2019-04-30', 8),
(79, 'Fatima Rahman', 27, '2020-05-15', 4),
(91, 'Ali Hassan', 40, '2021-06-20', 2),
(13, 'Hana Khan', 28, '2022-07-25', 5),
(27, 'Ibrahim Malik', 45, '2022-08-30', 1),
(42, 'Emily Wilson', 29, '2020-09-04', 8),
(55, 'Amir Khan', 38, '2020-10-09', 3),
(67, 'Amina Ali', 30, '2020-11-10', 7),
(81, 'Yusuf Patel', 25, '2021-12-15', 6),
(94, 'Zara Hassan', 35, '2022-05-05', 2),
(2, 'Ahmed Malik', 28, '2019-01-10', 4),
(17, 'Bob Johnson', 40, '2020-02-15', 1),
(28, 'Musa Ahmed', 32, '2021-03-20', 7),
(37, 'Hana Khan', 45, '2020-04-25', 6),
(46, 'Yasir Rahman', 29, '2019-05-30', 8),
(58, 'Aisha Patel', 38, '2020-06-05', 5),
(70, 'Alex Miller', 27, '2020-07-10', 3),
(85, 'Alice Brown', 28, '2021-08-15', 2),
(98, 'Hamza Khan', 35, '2021-09-20', 4),
(13, 'Hana Khan', 42, '2019-10-25', 1),
(26, 'Ahmed Rahman', 30, '2022-11-30', 5),
(39, 'Ayesha Ali', 32, '2020-12-05', 7),
(53, 'Zayd Hassan', 45, '2020-01-10', 6),
(66, 'Zain Malik', 29, '2021-02-15', 3),
(79, 'Fatima Rahman', 38, '2022-03-20', 1),
(91, 'Ali Hassan', 27, '2020-04-25', 2),
(4, 'Layla Patel', 28, '2020-05-30', 8),
(12, 'Amirah Malik', 33, '2021-06-05', 3),
(25, 'Zara Ali', 26, '2021-07-10', 2),
(38, 'Hassan Ahmed', 41, '2020-08-15', 6),
(44, 'Naima Khan', 31, '2021-09-20', 7),
(57, 'Rayan Patel', 36, '2020-10-25', 4),
(1, 'John Doe', 30, '2022-05-23', 5),
(5, 'Jane Smith', 25, '2022-10-02', 1),
(17, 'Bob Johnson', 40, '2021-11-27', 3),
(22, 'Eva White', 28, '2021-01-11', 8),
(35, 'Mike Davis', 35, '2022-03-31', 4),
(42, 'Emily Wilson', 32, '2019-01-22', 6),
(50, 'Daniel Brown', 45, '2022-11-10', 7),
(63, 'Sophia Garcia', 29, '2022-03-12', 1),
(70, 'Alex Miller', 38, '2021-05-05', 2),
(75, 'Olivia Johnson', 27, '2021-09-19', 6),
(85, 'Alice Brown', 28, '2020-08-07', 5),
(92, 'Charlie Green', 35, '2022-09-28', 3),
(100, 'David White', 42, '2021-11-22', 7),
(14, 'Zainab Ali', 28, '2020-06-09', 4),
(32, 'Mohammed Khan', 35, '2021-10-17', 2),
(48, 'Aisha Ahmed', 30, '2021-03-18', 7),
(64, 'Omar Patel', 32, '2022-02-05', 5),
(79, 'Fatima Rahman', 27, '2020-07-03', 3),
(91, 'Ali Hassan', 40, '2022-10-20', 1),
(13, 'Hana Khan', 28, '2021-05-18', 5),
(27, 'Ibrahim Malik', 45, '2022-08-30',6),
(17, 'Bob Johnson', 40, '2020-08-5', 4),
(22, 'Eva White', 28, '2021-04-04', 7),
(35, 'Mike Davis', 35, '2020-03-05', 8),
(42, 'Emily Wilson', 32, '2020-05-25', 2),
(50, 'Daniel Brown', 45, '2021-09-20', 3),
(63, 'Sophia Garcia', 29, '2020-08-21', 4),
(70, 'Alex Miller', 38, '2021-02-14', 3),
(75, 'Olivia Johnson', 27, '2021-10-09', 5),
(85, 'Alice Brown', 28, '2019-11-15', 1),
(92, 'Charlie Green', 35, '2020-11-15', 4),
(100, 'David White', 42, '2021-05-05', 2),
(14, 'Zainab Ali', 28, '2022-08-15', 7),
(32, 'Mohammed Khan', 35, '2022-02-10', 1),
(48, 'Aisha Ahmed', 30, '2022-08-25', 8),
(64, 'Omar Patel', 32, '2019-04-30', 7),
(79, 'Fatima Rahman', 27, '2022-05-15', 6),
(91, 'Ali Hassan', 40, '2020-06-20', 5),
(13, 'Hana Khan', 28, '2020-07-25', 8),
(27, 'Ibrahim Malik', 45, '2021-08-30', 1),
(42, 'Emily Wilson', 29, '2022-08-04', 8),
(55, 'Amir Khan', 38, '2021-10-09', 3),
(67, 'Amina Ali', 30, '2020-11-10', 7),
(17, 'Bob Johnson', 40, '2020-02-15', 5),
(28, 'Musa Ahmed', 32, '2021-03-20', 8),
(37, 'Hana Khan', 45, '2020-04-20', 6),
(46, 'Yasir Rahman', 29, '2019-05-20', 8),
(58, 'Aisha Patel', 38, '2021-06-05', 4),
(70, 'Alex Miller', 27, '2020-07-10', 1),
(85, 'Alice Brown', 28, '2021-07-15', 2),
(98, 'Hamza Khan', 35, '2021-09-20', 5),
(13, 'Hana Khan', 42, '2019-10-25', 6),
(26, 'Ahmed Rahman', 30, '2019-12-30', 5),
(39, 'Ayesha Ali', 32, '2022-12-05', 7),
(53, 'Zayd Hassan', 45, '2020-05-10', 6),
(66, 'Zain Malik', 29, '2021-02-25', 3),
(79, 'Fatima Rahman', 38, '2022-03-20', 8),
(91, 'Ali Hassan', 27, '2020-04-05', 2),
(4, 'Layla Patel', 28, '2021-05-30', 2),
(12, 'Amirah Malik', 33, '2020-06-09', 3),
(25, 'Zara Ali', 26, '2021-07-11', 2),
(38, 'Hassan Ahmed', 41, '2020-09-15', 6),
(44, 'Naima Khan', 31, '2021-09-20', 5),
(57, 'Rayan Patel', 36, '2020-10-21', 4),
(1, 'John Doe', 30, '2021-05-23', 5),
(5, 'Jane Smith', 25, '2020-10-02', 1),
(17, 'Bob Johnson', 40, '2021-11-27', 6),
(22, 'Eva White', 28, '2021-01-11', 2),
(35, 'Mike Davis', 35, '2022-03-20', 4),
(42, 'Emily Wilson', 32, '2019-01-22', 2),
(50, 'Daniel Brown', 45, '2022-10-10', 7),
(63, 'Sophia Garcia', 29, '2022-03-02', 1),
(70, 'Alex Miller', 38, '2021-05-05', 6),
(75, 'Olivia Johnson', 27, '2021-09-19', 1),
(85, 'Alice Brown', 28, '2020-07-07', 5),
(92, 'Charlie Green', 35, '2022-11-28', 3),
(100, 'David White', 42, '2021-01-22', 7),
(14, 'Zainab Ali', 28, '2020-06-09', 3),
(32, 'Mohammed Khan', 35, '2021-10-16', 2),
(48, 'Aisha Ahmed', 30, '2021-03-18', 1),
(64, 'Omar Patel', 32, '2022-02-05', 8),
(79, 'Fatima Rahman', 27, '2020-07-03', 6),
(91, 'Ali Hassan', 40, '2022-10-30', 1),
(13, 'Hana Khan', 28, '2021-05-16', 5),
(27, 'Ibrahim Malik', 45, '2022-08-20',6);


CREATE TABLE product(product_id integer,product_name text,price integer); 

ALTER TABLE product
ADD PRIMARY KEY (product_id);

INSERT INTO product(product_id,product_name,price) 
 VALUES
(1,'pizza',980),
(2,'burger',870),
(3,'biryani',330),
(4,'pasta',422),
(5,'sushi',350),
(6,'cake',600),
(7,'ice-cream',886),
(8,'noodles',330);
